"Move In","In Time","Move Out","Out Time"
"1","2026-03-10 15:56:19","1","2026-03-10 15:56:19"
"2","2026-03-10 15:56:19","2","2026-03-10 15:56:20"
"3","2026-03-10 15:56:20","3","2026-03-10 15:56:20"
"4","2026-03-10 15:56:20","4","2026-03-10 15:56:20"
"5","2026-03-10 15:56:20","5","2026-03-10 15:56:21"
"6","2026-03-10 15:56:20","6","2026-03-10 15:56:23"
"7","2026-03-10 15:56:20","7","2026-03-10 15:56:25"
"8","2026-03-10 15:56:21","8","2026-03-10 15:56:27"
"9","2026-03-10 15:56:22","9","2026-03-10 15:56:31"
"10","2026-03-10 15:56:23","10","2026-03-10 15:56:32"
"11","2026-03-10 15:56:23","11","2026-03-10 15:56:32"
"12","2026-03-10 15:56:24","12","2026-03-10 15:56:33"
"13","2026-03-10 15:56:27","13","2026-03-10 15:56:35"
"14","2026-03-10 15:56:27","14","2026-03-10 15:56:35"
"15","2026-03-10 15:56:30","15","2026-03-10 15:56:38"
"16","2026-03-10 15:56:31","16","2026-03-10 15:56:45"
"17","2026-03-10 15:56:31","17","2026-03-10 15:56:45"
"18","2026-03-10 15:56:33","18","2026-03-10 15:56:47"
"19","2026-03-10 15:56:35","19","2026-03-10 15:56:47"
"20","2026-03-10 15:56:35","20","2026-03-10 15:56:50"
"21","2026-03-10 15:56:38","21","2026-03-10 15:56:57"
"22","2026-03-10 15:56:40","22","2026-03-10 15:56:58"
"23","2026-03-10 15:56:41","23","2026-03-10 15:56:59"
"24","2026-03-10 15:56:43","24","2026-03-10 15:57:02"
"25","2026-03-10 15:56:44","25","2026-03-10 15:57:04"
"26","2026-03-10 15:57:01","26","2026-03-10 15:57:04"
"","","27","2026-03-10 15:57:04"
"","","28","2026-03-10 15:57:05"
